﻿Name,Rank_2016,Rank_2017,Rank_2018,Rank_2019,Rank_2020,Rank_2021,Rank_2022,Rank_2023,Rank_2024,Rank_2025
Aalborg University,250,225,213,195,207,219,250,260,236,306
Aalto University,257,232,190,183,185,221,218,247,206,113
Aarhus University,107,99,109,125,116,106,104,117,110,144
Aberystwyth University,342,322,314,392,436,505,513,581,537,661
Aix-Marseille University,275,315,300,330,332,361,320,345,362,481
Ajou University,710,743,846,834,858,723,666,630,523,632
Alexandria University,761,827,899,954,1041,1039,1008,942,991,804
Alexandru Ioan Cuza University,731,841,920,1133,1307,1412,1518,1630,1566,1202
Aligarh Muslim University,689,717,732,802,861,885,892,842,723,1003
American University,446,414,351,307,428,440,512,646,774,713
American University of Sharjah,720,757,762,863,907,907,857,785,666,332
Amirkabir University of Technology,539,637,615,579,566,527,575,607,388,403
Anadolu University,742,943,1047,976,1089,1134,1292,1278,1348,1203
Aristotle University of Thessaloniki,611,492,594,635,630,626,713,899,830,508
Aston University,405,393,363,400,523,434,486,410,408,423
Athens University of Economics and Business,614,598,566,715,819,791,833,961,950,952
Auburn University,593,642,653,672,654,680,683,734,563,953
Babes-Bolyai University,576,683,729,808,913,1013,1121,1158,1122,781
Bangor University,318,350,341,409,469,479,444,403,472,474
Bar-Ilan University,486,490,457,443,514,573,661,682,601,672
Bauman Moscow State Technical University,596,780,816,921,952,485,849,596,454,298
Beijing Institute of Technology,675,681,690,745,664,586,634,571,275,302
Belarusian State University,781,854,921,1080,1140,1245,1461,1541,1476,387
Bilkent University,384,387,427,514,552,639,770,823,703,478
"Birla Institute of Technology and Science, Pilani",777,752,876,996,1069,1097,983,941,890,808
Boston College,190,213,313,314,326,301,294,253,291,633
Boston University,64,64,71,75,61,54,62,72,77,112
Bournemouth University,493,644,640,523,490,408,357,286,451,772
Brandeis University,185,200,224,236,246,245,263,325,300,721
Brno University of Technology,492,724,806,906,1020,1139,1207,1344,1068,613
Brown University,51,52,51,53,53,61,64,61,66,79
Brunel University London,422,334,398,412,381,368,395,416,397,342
Budapest University of Technology and Economics,718,729,809,945,1037,1189,1291,1393,1223,722
Cairo University,767,853,855,870,754,750,783,908,859,350
Cardiff University,182,184,162,187,198,194,189,187,190,186
Carleton University,524,574,547,541,537,591,611,668,520,742
Carnegie Mellon University,22,23,24,24,27,28,28,28,24,58
Case Western Reserve University,135,127,158,133,119,121,126,134,165,259
Chalmers University of Technology,246,257,241,231,256,237,288,264,189,139
Chang Gung University,618,657,704,785,823,811,943,1061,752,634
Charles Darwin University,264,270,311,538,580,601,540,383,471,625
Charles University,450,423,451,460,496,487,544,582,459,246
Chiang Mai University,669,742,857,980,1105,1149,1100,1146,975,567
Chiba University,616,631,689,793,836,968,1053,1126,952,773
Chongqing University,759,818,850,885,849,697,704,635,379,494
Chonnam National University,690,745,780,839,937,992,1083,1141,927,857
Chulalongkorn University,691,713,783,816,847,801,899,873,612,229
Chung Yuan Christian University,714,786,860,981,1063,1087,1130,1212,1131,1020
Chungnam National University,721,858,889,1013,1102,1140,1192,1216,997,858
City University of Hong Kong,206,119,119,113,126,126,153,100,82,62
"City, University of London",425,367,374,369,423,354,385,394,370,352
Columbia University,15,16,14,16,16,17,11,12,17,34
Complutense University of Madrid,468,509,520,477,532,600,582,494,548,164
Concordia University,485,511,561,626,611,632,676,702,508,415
Cornell University,18,19,19,19,19,19,22,20,20,16
Coventry University,719,707,744,752,749,761,782,816,684,531
Curtin University,437,420,397,338,258,248,252,248,246,174
Czech Technical University in Prague,570,613,743,838,958,1046,1169,1312,1073,420
Dalhousie University,249,263,291,291,272,292,297,323,339,275
Dalian University of Technology,619,663,682,727,730,698,793,726,428,450
Dartmouth College,105,84,89,100,94,102,100,123,163,243
De Montfort University,575,649,721,739,722,733,777,747,677,716
Deakin University,320,300,335,370,335,299,278,277,265,197
Delft University of Technology,65,59,63,58,68,78,77,70,48,49
Drexel University,400,399,393,394,433,381,381,316,324,724
Dublin City University,439,443,449,475,603,561,551,448,410,421
Duke University,20,18,17,18,20,20,23,25,26,61
Durham University,70,97,97,114,133,149,162,198,174,89
East China Normal University,525,516,564,585,546,388,324,397,318,505
East China University of Science and Technology,500,556,627,763,803,910,995,1006,686,641
Edith Cowan University,545,544,510,529,473,473,445,392,375,517
Eindhoven University of Technology,176,178,141,169,186,188,211,203,168,136
Emory University,90,82,98,85,80,85,82,82,108,196
Erasmus University Rotterdam,71,69,72,70,69,72,72,80,100,158
Ewha Womans University,461,460,532,630,666,678,716,869,608,512
Eötvös Loránd University,626,669,674,691,715,724,702,743,826,564
Feng Chia University,658,702,826,1022,1099,1190,1374,1514,1490,1229
Flinders University,299,385,309,288,271,283,267,305,328,337
Florida International University,469,462,488,490,508,463,510,554,481,574
Florida State University,217,223,204,259,279,285,290,313,294,573
Fu Jen Catholic University,772,884,866,928,927,838,1003,1176,1193,1231
Fudan University,255,156,116,105,109,70,60,51,44,39
George Mason University,351,331,337,340,285,268,299,342,414,1030
George Washington University,253,230,228,182,201,189,220,205,215,371
Georgetown University,94,104,123,109,103,120,130,136,188,301
Georgia Institute of Technology,41,34,33,34,38,38,45,38,36,114
Georgia State University,455,429,399,448,429,496,475,500,475,861
Ghent University,120,118,107,144,123,103,96,107,115,169
Gifu University,707,839,951,1068,1150,1293,1362,1427,1144,1031
Glasgow Caledonian University,677,646,686,645,728,695,718,731,769,1032
Graz University of Technology,394,390,444,456,543,558,649,703,559,413
Griffith University,295,279,285,277,242,225,249,293,289,255
Gwangju Institute of Science and Technology (GIST),312,305,394,434,477,509,560,583,422,359
Hacettepe University,730,709,671,599,561,589,745,704,776,644
Hanyang University,393,398,378,360,394,382,387,428,315,162
Harbin Institute of Technology,557,568,524,446,425,418,524,360,172,254
Harvard University,6,6,6,6,7,3,3,2,4,4
Heriot-Watt University,454,432,364,324,297,376,505,541,386,257
Hiroshima University,504,586,625,744,789,827,919,998,698,475
Hokkaido University,420,435,430,438,489,514,571,588,389,173
Hong Kong Baptist University,371,394,437,463,448,378,478,510,335,252
Huazhong University of Science and Technology,522,494,484,387,316,313,181,178,158,300
Hunan University,722,698,669,577,472,423,446,407,364,449
Imperial College London,8,8,8,9,10,11,12,10,8,2
Indian Institute of Science,281,248,274,285,302,327,306,295,218,211
Inha University,635,706,761,845,931,926,1012,1079,851,636
Iowa State University,303,373,343,375,400,431,416,467,392,470
Iran University of Science and Technology,478,576,652,647,619,566,628,549,425,436
Istanbul Technical University,579,580,651,696,762,851,773,763,547,327
Istanbul University,647,768,819,939,901,887,1026,1140,1184,626
Jagiellonian University,604,626,699,676,612,599,529,639,614,312
James Cook University,267,277,243,251,245,250,257,349,390,445
Jeonbuk National University,673,754,771,892,966,1041,1090,1136,864,684
Johns Hopkins University,11,17,13,12,12,12,14,15,15,32
KTH Royal Institute of Technology,156,160,173,188,223,240,251,155,97,74
KU Leuven,35,40,47,48,45,45,42,42,45,63
Kanazawa University,586,627,714,841,924,1044,1103,1204,1033,910
Kansas State University,527,569,612,639,690,754,803,921,667,864
Keele University,438,470,516,507,509,542,557,557,533,793
Keio University,600,605,629,660,693,731,734,803,702,188
Khon Kaen University,749,822,941,1017,1117,1184,1265,1401,1316,964
King Saud University,577,508,549,539,520,415,364,292,424,201
Kobe University,629,664,705,741,771,782,754,854,671,465
Konkuk University,703,693,600,634,631,613,672,801,619,727
Korea University,258,250,245,198,182,167,209,214,212,67
Koç University,271,298,342,436,512,488,509,404,382,402
Kumamoto University,648,679,793,908,1000,1060,1120,1152,954,966
Kyoto University,88,92,74,65,65,55,61,68,55,50
Kyung Hee University,433,365,410,356,321,266,276,283,287,328
Kyungpook National University,715,769,791,813,868,844,792,832,541,519
Kyushu University,452,395,401,422,462,453,552,506,304,167
La Trobe University,367,380,392,341,291,234,219,266,269,217
Lancaster University,132,141,151,147,140,136,123,122,157,141
Lappeenranta-Lahti University of Technology LUT,514,549,583,600,562,383,286,344,259,338
Lehigh University,451,444,534,534,634,614,624,696,611,645
Leibniz University Hannover,335,355,376,489,500,516,476,476,385,427
Leiden University,67,77,67,68,67,71,71,77,78,142
Linköping University,290,343,384,379,408,411,284,296,261,304
Liverpool John Moores University,538,532,519,545,458,466,461,460,572,817
Lomonosov Moscow State University,161,189,194,199,189,175,159,165,95,94
Loughborough University,357,310,350,410,376,359,369,389,293,225
Louisiana State University,477,539,414,518,513,598,674,753,659,913
Lund University,90,96,93,98,98,104,116,119,106,75
Maastricht University,88,94,103,128,127,122,127,145,138,230
Macquarie University,315,260,265,246,206,195,192,175,180,134
Mahidol University,555,587,599,616,621,646,687,872,689,368
Makerere University,408,425,462,567,606,492,789,955,969,914
Masaryk University,560,618,587,688,724,795,862,884,740,409
Massey University,516,485,501,576,600,604,714,745,526,240
Maynooth University,387,358,450,365,325,464,525,433,483,819
McGill University,38,42,42,46,42,40,44,46,49,29
McMaster University,94,113,78,78,72,69,80,85,104,176
Memorial University of Newfoundland,559,560,556,517,558,554,700,713,560,667
Michigan State University,99,101,84,95,84,105,94,106,117,152
Middle East Technical University,554,612,655,782,790,831,682,565,399,285
Middlesex University,617,583,480,403,445,465,428,479,512,728
Missouri University of Science and Technology,569,566,539,513,505,445,496,544,431,527
Monash University,73,74,81,84,75,64,57,44,54,37
Murdoch University,415,403,423,444,474,541,532,423,384,437
Nagasaki University,746,796,865,929,1002,1079,1195,1330,1304,868
Nagoya University,308,321,304,303,318,363,374,320,250,153
Nanjing University,280,234,170,135,145,113,107,96,73,145
National Central University,602,654,719,820,890,911,1064,1193,1024,646
National Cheng Kung University (NCKU),429,471,541,593,628,602,637,775,564,215
National Chengchi University,752,850,797,865,940,987,1097,1234,1130,606
National Chung Cheng University,708,773,912,1078,1172,1249,1346,1485,1340,1063
National Taipei University of Technology,731,832,818,889,957,957,1045,1124,987,425
National Taiwan Normal University,545,588,574,608,652,606,670,835,582,452
National Taiwan Ocean University,688,770,812,959,1061,1126,1238,1188,1251,1269
National Taiwan University (NTU),167,196,199,171,120,97,114,188,154,68
National Taiwan University of Science and Technology (Taiwan Tech),334,421,424,484,525,562,641,681,443,392
National Tsing Hua University,296,299,324,426,366,367,386,522,407,210
National and Kapodistrian University of Athens,476,537,553,563,518,489,448,452,521,393
Newcastle University,196,191,175,172,204,180,148,140,173,129
Niigata University,745,800,842,882,876,917,897,1022,1111,968
North Carolina State University,274,251,278,286,311,341,347,352,260,311
Northwestern Polytechnical University,789,730,731,718,640,547,583,530,319,551
Northwestern University,25,20,20,25,22,24,24,26,28,51
Nottingham Trent University,674,710,726,682,660,677,516,542,545,593
Novosibirsk State University,449,452,478,540,592,674,819,918,750,443
Okayama University,642,700,769,862,945,933,1070,1177,961,870
Oklahoma State University,533,548,596,533,485,448,549,724,630,871
Osaka University,272,258,237,300,344,353,342,289,175,86
Oxford Brookes University,458,488,476,503,643,617,635,666,664,416
Palacký University Olomouc,552,625,660,765,715,706,880,1021,905,652
Peking University,42,29,29,31,24,23,16,17,14,14
Politecnico di Milano,222,241,320,315,348,372,355,302,226,111
Pontifícia Universidade Católica do Paraná,711,860,904,1143,1153,1127,1122,1208,1338,1436
Prince of Songkla University,757,831,966,1076,1202,1295,1487,1459,1354,971
Princeton University,7,7,7,7,6,9,7,7,6,22
Pusan National University,561,590,633,694,782,860,931,1038,577,524
Qatar University,649,522,434,431,409,319,336,226,282,122
Queen Mary University of London,98,114,121,130,111,110,118,125,135,120
RMIT University,442,433,460,452,391,340,322,310,251,123
RWTH Aachen University,112,79,79,88,99,107,108,99,90,99
Rensselaer Polytechnic Institute,270,271,305,371,441,529,581,618,470,608
Rice University,101,87,87,86,105,124,135,147,120,143
Sabanci University,369,346,360,395,430,525,585,490,380,520
Saitama University,735,806,875,993,1095,1261,1357,1546,1550,1282
San Diego State University,390,417,440,564,559,688,685,749,834,1080
Sapienza University of Rome,254,259,301,274,259,217,200,206,181,132
Savitribai Phule Pune University,665,733,781,594,655,745,875,723,872,637
Sejong University,612,585,579,555,464,334,293,258,256,398
Seoul National University,85,73,75,63,64,60,54,56,62,31
Shanghai Jiao Tong University,325,215,189,190,159,100,84,52,43,45
Shanghai University,741,815,799,804,869,825,791,786,502,489
Sharif University of Technology,482,553,605,617,570,476,501,441,325,343
Sheffield Hallam University,726,805,831,875,870,953,962,830,842,1081
Shinshu University,739,763,851,916,1011,1063,1230,1348,1188,1082
Sichuan University,656,684,667,652,700,673,434,197,151,336
Simon Fraser University,268,235,254,276,275,273,234,269,272,319
Slovak University of Technology in Bratislava,680,871,965,1137,1234,1397,1540,1641,1546,1086
Sogang University,622,579,663,797,864,931,1023,1072,896,577
Sophia University,791,898,948,1104,1160,1298,1478,1615,1696,977
South China University of Technology,590,619,577,512,502,414,432,401,290,386
Southern Cross University,457,540,495,559,662,685,646,673,593,578
Southern Federal University,798,900,978,1114,1154,1315,1344,1493,1483,978
Stanford University,3,3,3,3,4,2,4,3,2,6
Stellenbosch University,329,434,368,347,298,287,269,262,317,296
Stockholm University,138,145,134,153,175,183,176,177,186,128
Suez Canal University,750,737,834,624,530,526,542,897,1089,1293
Sultan Qaboos University,662,744,820,919,980,883,829,707,653,363
Sun Yat-sen University,401,419,353,322,300,294,272,256,237,331
Suranaree University of Technology,728,788,766,874,1039,1186,1260,1396,1333,1296
Swansea University,361,323,297,269,269,288,259,263,302,299
Swinburne University of Technology,389,381,419,441,390,385,343,304,244,291
Syracuse University,277,293,276,299,295,350,379,469,447,824
TU Dortmund University,314,347,336,319,358,405,420,540,409,827
Taras Shevchenko National University of Kyiv,766,852,959,1090,1264,1415,1510,1555,1529,706
Technical University of Darmstadt,235,246,246,253,290,305,315,346,285,242
Technical University of Denmark,167,177,154,164,184,187,185,167,126,109
Technical University of Munich,53,46,41,45,43,41,38,30,31,28
Tel Aviv University,221,219,219,207,190,191,208,207,209,209
Temple University,383,341,359,355,312,309,341,343,356,687
Texas A&M University,193,170,160,173,178,197,195,181,118,154
Texas Tech University,603,665,601,631,637,708,740,883,720,785
The Hong Kong University of Science and Technology,59,49,44,41,47,58,66,58,65,47
The University of Queensland,60,62,65,69,66,62,56,53,70,41
The University of Sydney,56,61,61,60,60,51,58,55,60,18
The University of Tokyo,43,39,46,43,37,37,36,39,29,33
The University of Western Australia,111,125,111,134,131,139,134,131,143,77
Tianjin University,517,577,542,588,557,499,437,421,233,270
Tilburg University,225,199,195,202,224,223,224,271,239,347
Tohoku University,242,231,250,265,263,215,223,215,130,107
Tokai University,788,845,982,1120,1187,1238,1455,1463,1439,1307
Tokushima University,664,758,848,931,1037,1173,1282,1359,1204,1103
Tokyo Medical and Dental University (TMDU),465,442,479,461,415,444,589,584,491,670
Tokyo Metropolitan University,427,474,597,501,691,816,764,1173,1118,1104
Tokyo University of Agriculture and Technology,574,680,749,848,986,1065,1114,1270,947,878
Tokyo University of Science,631,715,765,880,999,1148,1252,1392,1228,754
Tomsk State University,630,594,509,571,576,545,652,688,546,432
Tongji University,565,505,481,454,444,404,353,297,185,192
Tsinghua University,47,35,30,22,23,21,17,16,12,20
Tufts University,129,137,169,152,139,157,174,152,192,345
Tulane University,291,372,402,307,328,304,413,378,421,638
UCL,14,15,16,14,15,16,19,22,22,9
Ulster University,499,538,565,686,732,788,709,766,688,560
United Arab Emirates University,588,530,505,399,314,321,404,291,314,261
Universidade Federal de Santa Catarina,725,762,830,811,705,709,886,1023,962,788
Universidade do Estado do Rio de Janeiro (UERJ),778,837,996,1099,1179,1253,1370,1454,1431,1343
Universiti Teknologi Malaysia,484,635,678,668,677,684,721,677,412,181
University College Cork,373,371,361,345,343,335,258,306,349,273
University College Dublin,176,208,233,230,247,260,240,230,231,127
University of Aberdeen,172,190,185,158,168,178,160,193,242,237
University of Alaska Fairbanks,336,325,339,348,397,462,427,468,504,837
University of Alberta,139,107,120,132,136,132,125,118,109,96
University of Amsterdam,58,63,59,62,63,66,65,60,61,55
University of Antwerp,190,202,207,225,200,174,145,132,162,267
University of Aveiro,448,458,544,575,681,705,817,882,691,361
University of Basel,101,98,96,103,95,93,103,102,124,131
University of Bath,292,267,266,240,280,249,233,284,281,151
University of Bayreuth,279,284,279,320,383,358,389,402,352,529
University of Bergen,182,209,203,197,212,220,225,246,278,292
University of Bern,122,110,106,112,114,109,101,94,116,161
University of Birmingham,121,130,142,116,112,107,105,110,101,80
University of Bordeaux,305,314,332,413,431,430,335,341,400,537
University of Bradford,605,673,718,778,826,742,719,594,522,546
University of Brescia,413,454,483,548,601,486,372,363,498,700
University of Brighton,698,650,680,713,776,785,738,855,871,841
University of Bristol,69,71,76,77,87,91,93,76,81,54
University of British Columbia,34,36,34,37,34,34,37,40,41,38
University of Bucharest,716,912,937,958,1250,1386,1205,1299,1139,842
University of Calgary,205,197,211,200,211,201,210,217,227,199
"University of California, Davis",44,51,54,61,55,65,67,63,59,130
"University of California, Irvine",107,100,99,96,97,98,98,97,93,307
"University of California, Riverside",167,166,198,216,251,265,279,280,264,499
"University of California, Santa Cruz",146,147,164,170,181,208,204,192,203,394
University of Cambridge,4,4,2,2,3,6,6,4,5,5
University of Canberra,571,472,387,262,193,184,170,254,395,404
University of Cape Town,122,149,171,157,137,156,184,160,167,171
University of Central Lancashire,661,701,725,805,878,948,914,1001,1003,995
"University of Chemistry and Technology, Prague",695,748,782,918,1022,1121,1245,1336,1199,570
University of Coimbra,434,481,525,589,604,615,650,716,492,356
University of Cologne,157,171,145,148,161,145,175,146,160,287
University of Colorado Boulder,129,117,102,115,124,131,158,151,139,320
University of Connecticut,323,324,325,337,396,442,422,443,366,566
University of Copenhagen,82,120,110,117,101,84,97,116,103,100
University of Crete,356,351,366,391,375,395,425,446,585,610
University of Debrecen,700,812,869,943,984,886,896,1024,779,575
University of Delaware,262,228,238,263,296,318,326,372,413,506
University of Delhi,692,648,687,734,697,802,860,1001,939,330
University of Dundee,185,181,187,219,233,230,241,242,309,418
University of Eastern Finland,364,353,326,361,417,437,537,625,516,538
University of Florence,354,441,490,450,382,429,429,420,353,375
University of Florida,122,135,144,156,177,153,154,150,132,216
University of Galway,269,247,251,301,299,347,376,332,336,274
University of Geneva,133,139,131,140,144,150,197,204,183,155
University of Genoa,418,426,445,453,465,424,453,434,405,548
University of Ghana,679,708,801,951,983,1047,1119,1196,1180,889
University of Glasgow,76,88,80,94,100,92,86,84,87,78
University of Gothenburg,180,172,200,203,187,193,188,201,220,195
University of Granada,512,567,589,642,684,683,694,728,603,433
University of Greenwich,694,636,656,721,773,690,655,511,549,701
University of Groningen,74,81,83,79,74,81,81,75,79,160
University of Göttingen,99,112,114,123,125,130,119,120,111,253
University of Haifa,535,634,611,641,545,647,620,617,618,677
University of Helsinki,76,91,90,99,96,99,102,109,121,117
University of Hertfordshire,503,526,573,707,781,829,797,796,764,890
University of Hohenheim,317,292,298,242,213,206,199,212,283,611
University of Houston,360,368,334,353,480,559,625,647,513,654
University of Huddersfield,753,718,724,659,672,623,647,706,542,504
University of Hull,489,502,487,516,544,538,602,569,478,521
University of Iceland,224,245,241,296,368,407,443,543,506,549
University of Illinois at Urbana-Champaign,36,38,37,50,48,48,48,48,42,70
University of Ioannina,488,518,504,610,698,696,820,917,1135,1164
University of Iowa,230,244,225,222,229,247,282,312,245,598
University of Jyväskylä,370,479,418,440,517,481,400,438,416,493
University of Kent,338,328,348,377,365,328,388,391,402,381
University of Latvia,713,825,917,986,974,734,706,856,1081,789
University of Lausanne,146,153,152,177,199,192,177,135,144,226
University of Leeds,135,134,139,154,156,161,129,128,129,83
University of Leicester,167,173,159,168,167,172,187,164,210,288
University of Limerick,519,529,533,554,553,584,608,614,496,422
University of Lincoln,641,759,760,748,618,578,522,469,571,891
University of Lisbon,542,408,511,553,539,549,543,576,444,260
University of Liverpool,158,159,177,181,165,163,178,176,169,166
University of Ljubljana,640,689,678,735,757,809,809,930,884,599
University of Luxembourg,193,179,179,205,203,224,261,244,243,357
University of Macau,428,402,400,363,310,307,243,227,196,245
University of Maribor,585,599,647,819,972,1055,1172,1264,1239,941
"University of Maryland, Baltimore County",443,498,466,570,665,645,647,754,647,778
"University of Maryland, College Park",119,67,69,83,91,90,95,105,114,218
University of Miami,161,185,186,226,230,239,232,195,222,324
University of Michigan-Ann Arbor,21,21,21,20,21,22,25,23,23,44
University of Milan,322,326,316,317,337,371,303,318,351,289
University of Minho,521,564,624,709,802,818,830,826,626,619
University of Modena and Reggio Emilia,395,464,467,378,455,436,462,485,466,732
University of Murcia,672,725,775,812,933,1015,1062,1149,931,942
University of Navarra,339,345,318,268,270,282,262,261,313,249
University of Notre Dame,110,144,150,174,162,171,183,220,201,317
University of Nottingham,145,148,149,150,152,158,141,130,131,108
University of Oslo,137,133,146,121,132,127,120,126,127,119
University of Otago,204,211,216,243,219,222,244,303,320,214
University of Ottawa,219,289,234,178,141,146,163,137,177,189
University of Oulu,399,249,272,297,292,316,300,339,298,346
University of Oxford,2,1,1,1,1,1,1,1,1,3
University of Palermo,445,502,558,569,649,715,769,885,773,893
University of Pardubice,797,878,975,1142,1252,1393,1523,1637,1601,1376
University of Parma,475,531,489,565,620,686,623,727,694,998
University of Patras,654,712,735,827,948,1024,993,1095,983,767
University of Pennsylvania,17,13,10,13,11,13,13,14,16,11
University of Pisa,412,415,388,321,370,443,458,482,419,382
University of Plymouth,330,369,422,473,516,493,447,437,485,673
University of Porto,432,484,503,483,459,456,499,499,436,278
University of Portsmouth,453,461,523,487,493,517,527,502,489,640
University of Pretoria,599,621,623,638,704,699,779,815,551,354
University of Reading,164,194,222,229,232,236,212,199,214,172
University of Regina,595,597,737,750,779,813,680,709,819,999
University of Rochester,159,152,153,165,174,148,142,154,133,238
University of Salamanca,587,659,685,753,767,853,964,945,821,543
University of Salford,645,697,763,781,822,847,891,983,832,945
University of Saskatchewan,436,405,470,466,460,484,508,504,367,340
University of Science and Technology of China,201,154,132,93,83,88,89,74,57,135
University of Seoul,667,828,800,851,976,1045,1107,1220,979,1179
University of Siena,496,561,502,384,405,420,638,493,532,702
University of South Australia,372,290,253,248,254,322,317,335,303,341
University of Southampton,112,121,126,118,122,128,124,108,98,81
University of Southern California,68,60,66,66,62,53,63,65,74,125
University of Southern Queensland,712,696,711,730,623,536,434,337,368,400
University of St Andrews,86,111,143,166,202,241,216,223,197,104
University of Stirling,352,333,312,362,354,339,344,377,442,454
University of Strathclyde,456,467,440,457,432,454,433,414,346,282
University of Surrey,294,283,282,257,261,263,246,239,252,290
University of Sussex,142,150,148,163,146,160,152,218,234,247
University of Szeged,701,695,738,786,875,878,902,1093,1039,571
University of Tartu,363,311,308,335,322,297,268,238,327,358
University of Tasmania,287,317,329,381,347,375,319,314,270,294
University of Technology Sydney,223,205,217,196,196,162,143,133,148,88
University of Tehran,670,751,684,681,679,571,882,637,487,370
University of Texas at Austin,46,50,49,39,40,44,47,50,52,66
University of Toledo,558,591,591,583,653,715,753,764,727,1185
University of Toronto,19,22,23,21,18,18,18,18,21,25
University of Trento,198,237,259,284,309,344,380,464,374,507
University of Trieste,313,357,381,417,453,560,507,585,514,733
University of Tsukuba,407,437,471,488,495,504,519,568,373,379
University of Turin,327,386,429,445,411,439,455,472,449,374
University of Turku,316,344,365,364,356,365,373,395,350,376
University of Twente,151,155,180,184,248,243,229,268,184,233
University of Ulsan,473,504,557,578,616,625,612,671,584,848
University of Utah,182,207,202,227,221,242,291,257,238,533
University of Vienna,144,163,166,143,135,164,136,124,119,137
University of Waikato,410,448,395,435,565,523,426,466,411,235
University of Warsaw,507,559,582,646,721,820,703,831,665,258
University of Washington,32,26,25,28,26,29,29,27,25,76
University of Waterloo,179,175,209,249,240,233,230,209,159,115
University of Westminster,646,714,676,736,787,865,916,1034,858,749
University of Wisconsin-Madison,50,45,43,44,51,49,59,81,63,116
University of Wollongong,284,276,275,245,238,231,221,237,216,168
University of York,133,129,137,119,128,133,169,143,147,184
University of Zurich,105,106,136,92,90,74,75,83,80,110
University of the Basque Country,536,573,616,679,744,821,815,848,640,652
University of the West of England,625,662,741,756,746,482,474,425,597,748
Université Laval,238,266,267,275,274,259,271,274,268,424
Université de Montréal,115,103,108,90,85,73,88,111,113,159
Uppsala University,81,93,86,87,102,111,131,148,140,103
VSB - Technical University of Ostrava,344,838,970,1069,1231,1347,1405,1553,1288,1193
Vanderbilt University,87,108,105,122,115,112,113,98,92,248
Verona University,359,418,428,411,498,501,439,385,439,780
Victoria University of Wellington,362,383,406,455,519,544,503,488,445,244
Vilnius University,651,675,709,840,863,934,924,910,958,439
Virginia Polytechnic Institute and State University,288,287,303,266,241,246,270,275,255,391
Vrije Universiteit Amsterdam,155,158,167,167,138,116,115,121,125,221
Wageningen University & Research,47,65,64,59,59,63,53,59,64,157
Wake Forest University,214,226,284,290,250,295,334,369,420,753
Warsaw University of Technology,623,578,723,884,1033,1197,1330,1480,1292,530
Waseda University,621,630,645,716,792,869,961,1039,806,182
Washington State University,380,354,346,316,359,325,377,380,344,469
Wayne State University,377,363,377,350,353,380,489,587,538,800
Western Sydney University,424,424,421,366,286,251,237,249,311,384
Western University,234,206,214,193,209,204,202,216,224,121
Wuhan University,491,451,403,352,356,325,157,173,164,194
Xiamen University,495,495,491,520,582,528,464,409,334,362
Xi’an Jiaotong University,548,527,569,556,556,450,465,513,257,295
Yale University,12,12,12,8,8,8,9,9,10,23
Yeungnam University,705,616,750,800,862,912,908,931,738,1003
Yokohama City University,620,705,758,650,503,672,493,612,936,951
Yokohama National University,740,823,828,969,1091,1206,1311,1431,1359,1197
York University,349,318,352,376,418,455,436,422,377,364
Yuan Ze University,657,778,824,1054,1195,1211,1310,1357,1209,1398
Zhejiang University,286,217,178,101,107,94,76,67,56,48
École Normale Supérieure de Lyon,208,233,182,212,216,272,309,311,262,187
